{
  "ignorePatterns": [
    {
      "pattern": "^http://127.0.0.1"
    },
    {
      "pattern": "^http://localhost"
    },
    {
      "pattern": "^https://api.github.com"
    }
  ],
  "replacementPatterns": [
    {
      "pattern": "^/",
      "replacement": "{{BASEURL}}/"
    }
  ],
  "httpHeaders": [
    {
      "urls": ["https://github.com"],
      "headers": {
        "Accept": "text/html"
      }
    }
  ],
  "timeout": "20s",
  "retryOn429": true,
  "retryCount": 3,
  "fallbackRetryDelay": "30s",
  "aliveStatusCodes": [200, 206]
}
