{
  "formatVersion": 1,
  "database": {
    "version": 1,
    "identityHash": "6b55478b583fc56a6ed24eb4e8d8a6f3",
    "entities": [
      {
        "tableName": "cache_entries",
        "createSql": "CREATE TABLE IF NOT EXISTS `${TABLE_NAME}` (`key` TEXT NOT NULL, `content` TEXT NOT NULL, `contentType` TEXT NOT NULL, `createdAt` INTEGER NOT NULL, `expiresAt` INTEGER NOT NULL, `etag` TEXT, PRIMARY KEY(`key`))",
        "fields": [
          {
            "fieldPath": "key",
            "columnName": "key",
            "affinity": "TEXT",
            "notNull": true
          },
          {
            "fieldPath": "content",
            "columnName": "content",
            "affinity": "TEXT",
            "notNull": true
          },
          {
            "fieldPath": "contentType",
            "columnName": "contentType",
            "affinity": "TEXT",
            "notNull": true
          },
          {
            "fieldPath": "createdAt",
            "columnName": "createdAt",
            "affinity": "INTEGER",
            "notNull": true
          },
          {
            "fieldPath": "expiresAt",
            "columnName": "expiresAt",
            "affinity": "INTEGER",
            "notNull": true
          },
          {
            "fieldPath": "etag",
            "columnName": "etag",
            "affinity": "TEXT"
          }
        ],
        "primaryKey": {
          "autoGenerate": false,
          "columnNames": [
            "key"
          ]
        }
      },
      {
        "tableName": "repository_name_cache",
        "createSql": "CREATE TABLE IF NOT EXISTS `${TABLE_NAME}` (`id` INTEGER NOT NULL, `name` TEXT NOT NULL, `fullName` TEXT NOT NULL, `ownerLogin` TEXT NOT NULL, `description` TEXT, `language` TEXT, `stargazersCount` INTEGER NOT NULL, `forksCount` INTEGER NOT NULL, `isPrivate` INTEGER NOT NULL, `updatedAt` INTEGER NOT NULL, PRIMARY KEY(`id`))",
        "fields": [
          {
            "fieldPath": "id",
            "columnName": "id",
            "affinity": "INTEGER",
            "notNull": true
          },
          {
            "fieldPath": "name",
            "columnName": "name",
            "affinity": "TEXT",
            "notNull": true
          },
          {
            "fieldPath": "fullName",
            "columnName": "fullName",
            "affinity": "TEXT",
            "notNull": true
          },
          {
            "fieldPath": "ownerLogin",
            "columnName": "ownerLogin",
            "affinity": "TEXT",
            "notNull": true
          },
          {
            "fieldPath": "description",
            "columnName": "description",
            "affinity": "TEXT"
          },
          {
            "fieldPath": "language",
            "columnName": "language",
            "affinity": "TEXT"
          },
          {
            "fieldPath": "stargazersCount",
            "columnName": "stargazersCount",
            "affinity": "INTEGER",
            "notNull": true
          },
          {
            "fieldPath": "forksCount",
            "columnName": "forksCount",
            "affinity": "INTEGER",
            "notNull": true
          },
          {
            "fieldPath": "isPrivate",
            "columnName": "isPrivate",
            "affinity": "INTEGER",
            "notNull": true
          },
          {
            "fieldPath": "updatedAt",
            "columnName": "updatedAt",
            "affinity": "INTEGER",
            "notNull": true
          }
        ],
        "primaryKey": {
          "autoGenerate": false,
          "columnNames": [
            "id"
          ]
        }
      },
      {
        "tableName": "user_cache",
        "createSql": "CREATE TABLE IF NOT EXISTS `${TABLE_NAME}` (`id` INTEGER NOT NULL, `login` TEXT NOT NULL, `avatarUrl` TEXT NOT NULL, `name` TEXT, `bio` TEXT, `location` TEXT, `company` TEXT, `updatedAt` INTEGER NOT NULL, PRIMARY KEY(`id`))",
        "fields": [
          {
            "fieldPath": "id",
            "columnName": "id",
            "affinity": "INTEGER",
            "notNull": true
          },
          {
            "fieldPath": "login",
            "columnName": "login",
            "affinity": "TEXT",
            "notNull": true
          },
          {
            "fieldPath": "avatarUrl",
            "columnName": "avatarUrl",
            "affinity": "TEXT",
            "notNull": true
          },
          {
            "fieldPath": "name",
            "columnName": "name",
            "affinity": "TEXT"
          },
          {
            "fieldPath": "bio",
            "columnName": "bio",
            "affinity": "TEXT"
          },
          {
            "fieldPath": "location",
            "columnName": "location",
            "affinity": "TEXT"
          },
          {
            "fieldPath": "company",
            "columnName": "company",
            "affinity": "TEXT"
          },
          {
            "fieldPath": "updatedAt",
            "columnName": "updatedAt",
            "affinity": "INTEGER",
            "notNull": true
          }
        ],
        "primaryKey": {
          "autoGenerate": false,
          "columnNames": [
            "id"
          ]
        }
      }
    ],
    "setupQueries": [
      "CREATE TABLE IF NOT EXISTS room_master_table (id INTEGER PRIMARY KEY,identity_hash TEXT)",
      "INSERT OR REPLACE INTO room_master_table (id,identity_hash) VALUES(42, '6b55478b583fc56a6ed24eb4e8d8a6f3')"
    ]
  }
}